OrderID,Product,Quantity,Price
1,Widget C,4,12.45
2,Widget A,11,13.26
3,Widget A,9,10.52
4,Widget C,11,6.94
5,Widget A,10,13.53
6,Widget B,20,12.71
7,Widget D,9,5.68
8,Widget D,10,9.27
9,Widget A,3,9.82
10,Widget C,4,9.83
11,Widget B,14,11.78
12,Widget A,17,14.22
13,Widget B,16,7.39
14,Widget B,2,11.36
15,Widget B,12,13.55
16,Widget C,14,7.27
17,Widget D,1,5.21
18,Widget D,7,5.81
19,Widget D,11,11.98
20,Widget D,11,14.33
21,Widget B,20,9.92
22,Widget A,12,14.58
23,Widget B,16,10.1
24,Widget A,1,12.43
25,Widget C,12,14.13
26,Widget A,7,5.08
27,Widget A,16,9.15
28,Widget C,13,6.25
29,Widget A,16,8.06
30,Widget D,5,9.63
31,Widget C,12,10.4
32,Widget A,7,7.85
33,Widget B,2,8.48
34,Widget A,6,10.72
35,Widget D,7,11.19
36,Widget A,20,14.18
37,Widget C,7,12.4
38,Widget C,12,14.31
39,Widget A,16,8.77
40,Widget A,8,12.85
41,Widget B,17,5.7
42,Widget B,15,12.76
43,Widget A,15,14.63
44,Widget C,3,12.75
45,Widget D,15,6.73
46,Widget D,15,12.0
47,Widget A,13,11.02
48,Widget B,15,9.4
49,Widget B,19,11.35
50,Widget A,2,5.14
51,Widget D,11,9.15
52,Widget B,6,6.55
53,Widget A,13,11.85
54,Widget A,18,6.8
55,Widget A,18,9.06
56,Widget D,16,12.89
57,Widget A,6,6.53
58,Widget A,6,14.56
59,Widget B,11,5.12
60,Widget A,4,11.5
61,Widget C,19,9.39
62,Widget D,3,12.03
63,Widget A,19,5.78
64,Widget C,13,6.28
65,Widget A,9,11.27
66,Widget C,5,11.55
67,Widget B,5,14.12
68,Widget A,2,8.75
69,Widget D,11,5.43
70,Widget B,16,10.42
71,Widget D,12,9.71
72,Widget C,10,9.44
73,Widget B,17,10.59
74,Widget D,13,11.09
75,Widget C,17,11.06
76,Widget D,19,8.66
77,Widget A,3,9.89
78,Widget D,7,10.64
79,Widget C,15,14.03
80,Widget B,13,13.62
81,Widget C,12,11.01
82,Widget C,4,10.09
83,Widget B,20,10.24
84,Widget B,7,13.77
85,Widget B,16,6.31
86,Widget D,18,14.88
87,Widget A,12,14.11
88,Widget C,10,11.67
89,Widget A,14,8.25
90,Widget C,12,6.32
91,Widget D,15,12.64
92,Widget A,9,9.44
93,Widget B,3,6.34
94,Widget C,7,12.1
95,Widget A,4,13.37
96,Widget B,6,6.49
97,Widget D,18,14.28
98,Widget A,16,10.85
99,Widget D,19,10.99
100,Widget A,19,14.47
